,Modelo,CO2,CH4,N2O,CO2_CEROS,CO2_ABSOLUTOS
0,ARMA,4.249213143306076e+17,4.519259969255531e+22,2.262441425509491e+22,2.2624301436621554e+22,2.446839933872789e+21
1,Lasso LARS,5524619445.066271,236140992.29598397,10692603.606511751,2104891078.3801801,24009260118.263634
2,Regresión lineal,5524619445.066271,236140992.29598397,10686166.128568761,2104891078.3801801,24009260118.263634
3,Suavizado Exponencial Simple,1257239813.7259765,407930397.07822746,66075357.611949295,235462682342.30408,17974813716.74073
4,Neural Network Regressor,106005449913.39468,27732533535.738384,1467651744.8687592,266332119088.71814,498840134882.0445
5,Passive Aggressive Regressor,17463307497.98547,2525389593.0547633,212509814.54058427,37928265707.303024,148137137049.25284
6,Random Forest Regressor,382262966.66186863,26294400.665694058,8980470.47385904,445368343.1121874,766755894.1607506
7,Decision Tree Regressor,386612407.0120935,26546161.817273952,7611881.549759246,318371752.3125556,591734353.6775918
