,Modelo,CO2,CH4,N2O,CO2_CEROS,CO2_ABSOLUTOS
0,ARMA,373494973.591422,22014356.133282594,7588360.025053614,178499899150.8695,247589232.15176752
1,Lasso LARS,5524093448.481688,236029028.90684497,10686166.128568761,2104592132.6457307,24008136203.189674
2,Regresión lineal,5524619445.066271,236140992.29598397,10686166.128568761,2104891078.3801801,24009260118.263634
3,Suavizado Exponencial Simple,369833209.0359506,25792877.627439022,7605620.142688647,228148602067.463,629943838.906082
4,Neural Network Regressor,784460296.4414551,667166704.2566192,87154433.09393159,10547524727.752413,33526933542.802197
5,Passive Aggressive Regressor,385417243.5499601,24258852.543895688,7652657.999094507,302657544.1172912,297916748.3150406
6,Random Forest Regressor,375002294.1188367,25835039.81512122,8127078.317533282,398936990.6627745,727632432.1591094
7,Decision Tree Regressor,386612407.0120935,26546161.817273952,7611881.549759246,318371752.3125556,591734353.6775918
